{
  "router_recall@1": 0.9668668628320367,
  "candidates@B=1": 465.87847152243137,
  "recall@1|B=1": 0.5394010238220001,
  "recall@5|B=1": 0.7870127776210246,
  "recall@10|B=1": 0.860816639122899,
  "router_recall@3": 0.9954855092909831,
  "candidates@B=3": 1220.6032085130396,
  "recall@1|B=3": 0.5507678665000605,
  "recall@5|B=3": 0.8055947438429603,
  "recall@10|B=3": 0.8817767745576203,
  "router_recall@5": 0.9983876818896368,
  "candidates@B=5": 1787.8009996372284,
  "recall@1|B=5": 0.5516143335080012,
  "recall@5|B=5": 0.8068845983312507,
  "recall@10|B=5": 0.8834294006207425,
  "n_queries": 24809,
  "pool_size": 5000,
  "multi_target": true,
  "rerank_mode": "flat"
}