{
  "router_recall@1": 0.9638437663751058,
  "candidates@B=1": 442.080817445282,
  "recall@1|B=1": 0.5223507598049095,
  "recall@5|B=1": 0.7748800838405417,
  "recall@10|B=1": 0.8492885646338022,
  "router_recall@3": 0.9953645854327059,
  "candidates@B=3": 1089.0390987141764,
  "recall@1|B=3": 0.5355717683098875,
  "recall@5|B=3": 0.7959208351807812,
  "recall@10|B=3": 0.8728687169978637,
  "router_recall@5": 0.9981055262203232,
  "candidates@B=5": 1622.4079567898746,
  "recall@1|B=5": 0.536297311459551,
  "recall@5|B=5": 0.7970897658107945,
  "recall@10|B=5": 0.8740779555806361,
  "n_queries": 24809,
  "pool_size": 5000,
  "multi_target": true,
  "rerank_mode": "cross_encoder"
}