{
  "dataset": "mscoco_disjoint",
  "K": 128,
  "M": 8,
  "protocol": "MS-COCO 5K pool, multi-target queries",
  "ce_checkpoint": "/sda/yxyang/qsba_workspace/mbeir_aligned/cross_encoder/mscoco_K128_M8/cross_encoder.pt (legacy hn=0.7)",
  "clip_dense": {
    "method": "clip_dense_exhaustive",
    "pool_size": 5000,
    "n_queries": 24809,
    "multi_target": true,
    "recall@1": 0.5516949494135193,
    "recall@5": 0.8069652142367689,
    "recall@10": 0.883711556290056
  },
  "qsba_flat": {
    "router_recall@1": 0.9638437663751058,
    "candidates@B=1": 442.080817445282,
    "recall@1|B=1": 0.5363779273650692,
    "recall@5|B=1": 0.7837478334475392,
    "recall@10|B=1": 0.8567052279414729,
    "router_recall@3": 0.9953645854327059,
    "candidates@B=3": 1089.0390987141764,
    "recall@1|B=3": 0.5507275585473014,
    "recall@5|B=3": 0.8053125881736467,
    "recall@10|B=3": 0.8818170825103793,
    "router_recall@5": 0.9981055262203232,
    "candidates@B=5": 1622.4079567898746,
    "recall@1|B=5": 0.551574025555242,
    "recall@5|B=5": 0.8065621347091781,
    "recall@10|B=5": 0.8833890926679834,
    "n_queries": 24809,
    "pool_size": 5000,
    "multi_target": true,
    "rerank_mode": "flat"
  },
  "qsba_ce": {
    "router_recall@1": 0.9638437663751058,
    "candidates@B=1": 442.080817445282,
    "recall@1|B=1": 0.5223507598049095,
    "recall@5|B=1": 0.7748800838405417,
    "recall@10|B=1": 0.8492885646338022,
    "router_recall@3": 0.9953645854327059,
    "candidates@B=3": 1089.0390987141764,
    "recall@1|B=3": 0.5355717683098875,
    "recall@5|B=3": 0.7959208351807812,
    "recall@10|B=3": 0.8728687169978637,
    "router_recall@5": 0.9981055262203232,
    "candidates@B=5": 1622.4079567898746,
    "recall@1|B=5": 0.536297311459551,
    "recall@5|B=5": 0.7970897658107945,
    "recall@10|B=5": 0.8740779555806361,
    "n_queries": 24809,
    "pool_size": 5000,
    "multi_target": true,
    "rerank_mode": "cross_encoder"
  },
  "reference_flat": {
    "router_recall@1": 0.9638437663751058,
    "candidates@B=1": 442.080817445282,
    "recall@1|B=1": 0.5363779273650692,
    "recall@5|B=1": 0.7837478334475392,
    "recall@10|B=1": 0.8567052279414729,
    "router_recall@3": 0.9953645854327059,
    "candidates@B=3": 1089.0390987141764,
    "recall@1|B=3": 0.5507275585473014,
    "recall@5|B=3": 0.8053125881736467,
    "recall@10|B=3": 0.8818170825103793,
    "router_recall@5": 0.9981055262203232,
    "candidates@B=5": 1622.4079567898746,
    "recall@1|B=5": 0.551574025555242,
    "recall@5|B=5": 0.8065621347091781,
    "recall@10|B=5": 0.8833890926679834,
    "n_queries": 24809,
    "pool_size": 5000,
    "multi_target": true
  },
  "elapsed_sec": 3171.5
}