{
  "router_recall@1": 0.9638437663751058,
  "candidates@B=1": 442.080817445282,
  "recall@1|B=1": 0.5363779273650692,
  "recall@5|B=1": 0.7837478334475392,
  "recall@10|B=1": 0.8567052279414729,
  "router_recall@3": 0.9953645854327059,
  "candidates@B=3": 1089.0390987141764,
  "recall@1|B=3": 0.5507275585473014,
  "recall@5|B=3": 0.8053125881736467,
  "recall@10|B=3": 0.8818170825103793,
  "router_recall@5": 0.9981055262203232,
  "candidates@B=5": 1622.4079567898746,
  "recall@1|B=5": 0.551574025555242,
  "recall@5|B=5": 0.8065621347091781,
  "recall@10|B=5": 0.8833890926679834,
  "n_queries": 24809,
  "pool_size": 5000,
  "multi_target": true,
  "rerank_mode": "flat"
}