{
  "router_recall@1": 0.9778306259825064,
  "candidates@B=1": 2061.8751662703053,
  "recall@1|B=1": 0.5414567294127132,
  "recall@5|B=1": 0.7906404933693417,
  "recall@10|B=1": 0.8657745173122657,
  "router_recall@3": 0.9978636785037688,
  "candidates@B=3": 3717.326736265065,
  "recall@1|B=3": 0.5511709460276513,
  "recall@5|B=3": 0.8057962836067556,
  "recall@10|B=3": 0.8823410858962474,
  "router_recall@5": 0.9997984602362046,
  "candidates@B=5": 4417.551332177839,
  "recall@1|B=5": 0.5517352573662784,
  "recall@5|B=5": 0.8069652142367689,
  "recall@10|B=5": 0.8837518642428152,
  "n_queries": 24809,
  "pool_size": 5000,
  "multi_target": true,
  "rerank_mode": "flat"
}