{
  "router_recall@1": 0.9686,
  "candidates@B=1": 7741.621,
  "recall@1|B=1": 0.2531,
  "recall@5|B=1": 0.46675,
  "recall@10|B=1": 0.5594,
  "router_recall@3": 0.9859,
  "candidates@B=3": 21418.72485,
  "recall@1|B=3": 0.23545,
  "recall@5|B=3": 0.4405,
  "recall@10|B=3": 0.53035,
  "router_recall@5": 0.9907,
  "candidates@B=5": 34784.50255,
  "recall@1|B=5": 0.2309,
  "recall@5|B=5": 0.43495,
  "recall@10|B=5": 0.5244,
  "n_queries_evaluated": 20000,
  "pool_size": 537568,
  "router_prior_lambda": 0.0,
  "rerank_mode": "flat"
}