{
  "dataset": "visualnews",
  "n_base": 430054,
  "n_new": 107514,
  "baseline": {
    "R@1": 25.31,
    "R@5": 46.68,
    "R@10": 55.94,
    "source": "eval_K512_M6_cosine_fix.json B=1"
  },
  "after_insertion_all": {
    "R@1": 17.580000000000002,
    "R@5": 32.115,
    "R@10": 38.35,
    "n": 20000
  },
  "after_insertion_new_only": {
    "R@1": 18.702865761689292,
    "R@5": 32.27752639517345,
    "R@10": 39.03971845148316,
    "n": 3978
  },
  "r1_drop_all": 7.729999999999997,
  "r1_drop_new": 6.607134238310707
}