{
  "dataset": "mscoco",
  "n_base": 4000,
  "n_new": 1000,
  "baseline": {
    "R@1": 53.64,
    "R@5": 78.37,
    "R@10": 85.7,
    "source": "eval_K128_M8_cosine.json B=1"
  },
  "after_insertion_all": {
    "R@1": 53.63779273650692,
    "R@5": 78.37478334475392,
    "R@10": 85.66246120359547,
    "n": 24809
  },
  "after_insertion_new_only": {
    "R@1": 54.45981158548807,
    "R@5": 79.25435959110042,
    "R@10": 86.34996993385448,
    "n": 4989
  },
  "r1_drop_all": 0.0022072634930836443,
  "r1_drop_new": -0.8198115854880683
}