{
  "router_recall@1": 0.9686,
  "candidates@B=1": 7741.621,
  "recall@1|B=1": 0.15535,
  "recall@5|B=1": 0.34725,
  "recall@10|B=1": 0.44315,
  "router_recall@3": 0.9859,
  "candidates@B=3": 21418.72485,
  "recall@1|B=3": 0.1159,
  "recall@5|B=3": 0.2819,
  "recall@10|B=3": 0.37345,
  "router_recall@5": 0.9907,
  "candidates@B=5": 34784.50255,
  "recall@1|B=5": 0.09385,
  "recall@5|B=5": 0.24525,
  "recall@10|B=5": 0.33165,
  "n_queries_evaluated": 20000,
  "pool_size": 537568,
  "router_prior_lambda": 0.0,
  "rerank_mode": "cross_encoder"
}